,NOC,Year,F,M,FP
0,ALG,1992,2.0,6.0,0.25
1,ALG,2006,2.0,1.0,0.6666666666666666
2,AND,1988,5.0,4.0,0.5555555555555556
3,AND,1992,3.0,11.0,0.21428571428571427
4,AND,1994,5.0,8.0,0.38461538461538464
5,AND,1998,2.0,5.0,0.2857142857142857
6,AND,2002,2.0,3.0,0.4
7,AND,2010,7.0,13.0,0.35
8,AND,2014,5.0,7.0,0.4166666666666667
9,ARG,1952,3.0,18.0,0.14285714285714285
10,ARG,1960,3.0,11.0,0.21428571428571427
11,ARG,1964,2.0,20.0,0.09090909090909091
12,ARG,1968,6.0,6.0,0.5
13,ARG,1984,9.0,28.0,0.24324324324324326
14,ARG,1988,19.0,26.0,0.4222222222222222
15,ARG,1992,16.0,30.0,0.34782608695652173
16,ARG,1994,13.0,7.0,0.65
17,ARG,1998,5.0,1.0,0.8333333333333334
18,ARG,2002,11.0,15.0,0.4230769230769231
19,ARG,2006,9.0,8.0,0.5294117647058824
20,ARG,2010,12.0,8.0,0.6
21,ARG,2014,9.0,11.0,0.45
22,ARM,1998,3.0,4.0,0.42857142857142855
23,ARM,2002,8.0,9.0,0.47058823529411764
24,ARM,2006,1.0,8.0,0.1111111111111111
25,ARM,2010,3.0,3.0,0.5
26,ARM,2014,1.0,5.0,0.16666666666666666
27,AUS,1952,2.0,17.0,0.10526315789473684
28,AUS,1956,3.0,14.0,0.17647058823529413
29,AUS,1960,6.0,32.0,0.15789473684210525
30,AUS,1964,6.0,8.0,0.42857142857142855
31,AUS,1976,7.0,12.0,0.3684210526315789
32,AUS,1980,7.0,12.0,0.3684210526315789
33,AUS,1984,2.0,18.0,0.1
34,AUS,1988,2.0,34.0,0.05555555555555555
35,AUS,1992,11.0,30.0,0.2682926829268293
36,AUS,1994,12.0,35.0,0.2553191489361702
37,AUS,1998,10.0,24.0,0.29411764705882354
38,AUS,2002,19.0,22.0,0.4634146341463415
39,AUS,2006,18.0,27.0,0.4
40,AUS,2010,23.0,26.0,0.46938775510204084
41,AUS,2014,43.0,41.0,0.5119047619047619
42,AUT,1924,2.0,2.0,0.5
43,AUT,1928,6.0,43.0,0.12244897959183673
44,AUT,1932,1.0,11.0,0.08333333333333333
45,AUT,1936,10.0,62.0,0.1388888888888889
46,AUT,1948,20.0,64.0,0.23809523809523808
47,AUT,1952,16.0,58.0,0.21621621621621623
48,AUT,1956,17.0,70.0,0.19540229885057472
49,AUT,1960,15.0,27.0,0.35714285714285715
50,AUT,1964,22.0,94.0,0.1896551724137931
51,AUT,1968,19.0,93.0,0.16964285714285715
52,AUT,1972,17.0,51.0,0.25
53,AUT,1976,24.0,92.0,0.20689655172413793
54,AUT,1980,16.0,50.0,0.24242424242424243
55,AUT,1984,13.0,92.0,0.12380952380952381
56,AUT,1988,36.0,117.0,0.23529411764705882
57,AUT,1992,25.0,96.0,0.2066115702479339
58,AUT,1994,28.0,102.0,0.2153846153846154
59,AUT,1998,39.0,115.0,0.2532467532467532
60,AUT,2002,32.0,116.0,0.21621621621621623
61,AUT,2006,33.0,99.0,0.25
62,AUT,2010,41.0,91.0,0.3106060606060606
63,AUT,2014,74.0,139.0,0.3474178403755869
64,AZE,1998,2.0,2.0,0.5
65,AZE,2002,1.0,3.0,0.25
66,AZE,2006,1.0,1.0,0.5
67,AZE,2010,2.0,2.0,0.5
68,AZE,2014,1.0,3.0,0.25
69,BEL,1924,1.0,31.0,0.03125
70,BEL,1928,1.0,25.0,0.038461538461538464
71,BEL,1932,1.0,4.0,0.2
72,BEL,1936,3.0,34.0,0.08108108108108109
73,BEL,1948,1.0,18.0,0.05263157894736842
74,BEL,1964,3.0,8.0,0.2727272727272727
75,BEL,1976,3.0,8.0,0.2727272727272727
76,BEL,1984,3.0,6.0,0.3333333333333333
77,BEL,1992,1.0,6.0,0.14285714285714285
78,BEL,1994,6.0,2.0,0.75
79,BEL,2010,4.0,6.0,0.4
80,BEL,2014,5.0,6.0,0.45454545454545453
81,BIH,1994,2.0,10.0,0.16666666666666666
82,BIH,1998,2.0,10.0,0.16666666666666666
83,BIH,2006,4.0,5.0,0.4444444444444444
84,BIH,2010,7.0,3.0,0.7
85,BIH,2014,5.0,9.0,0.35714285714285715
86,BLR,1994,31.0,43.0,0.4189189189189189
87,BLR,1998,39.0,68.0,0.3644859813084112
88,BLR,2002,47.0,76.0,0.3821138211382114
89,BLR,2006,42.0,28.0,0.6
90,BLR,2010,42.0,53.0,0.4421052631578947
91,BLR,2014,30.0,42.0,0.4166666666666667
92,BRA,1992,2.0,14.0,0.125
93,BRA,2002,2.0,8.0,0.2
94,BRA,2006,3.0,9.0,0.25
95,BRA,2010,4.0,3.0,0.5714285714285714
96,BRA,2014,10.0,7.0,0.5882352941176471
97,BUL,1956,1.0,14.0,0.06666666666666667
98,BUL,1960,3.0,12.0,0.2
99,BUL,1964,10.0,9.0,0.5263157894736842
100,BUL,1968,11.0,5.0,0.6875
101,BUL,1984,1.0,32.0,0.030303030303030304
102,BUL,1988,2.0,50.0,0.038461538461538464
103,BUL,1992,17.0,55.0,0.2361111111111111
104,BUL,1994,17.0,21.0,0.4473684210526316
105,BUL,1998,20.0,14.0,0.5882352941176471
106,BUL,2002,28.0,26.0,0.5185185185185185
107,BUL,2006,25.0,19.0,0.5681818181818182
108,BUL,2010,15.0,26.0,0.36585365853658536
109,BUL,2014,10.0,37.0,0.2127659574468085
110,CAN,1924,2.0,15.0,0.11764705882352941
111,CAN,1928,3.0,28.0,0.0967741935483871
112,CAN,1932,5.0,48.0,0.09433962264150944
113,CAN,1936,7.0,34.0,0.17073170731707318
114,CAN,1948,5.0,42.0,0.10638297872340426
115,CAN,1952,16.0,44.0,0.26666666666666666
116,CAN,1956,16.0,36.0,0.3076923076923077
117,CAN,1960,24.0,51.0,0.32
118,CAN,1964,26.0,69.0,0.2736842105263158
119,CAN,1968,30.0,81.0,0.2702702702702703
120,CAN,1972,34.0,51.0,0.4
121,CAN,1976,41.0,68.0,0.3761467889908257
122,CAN,1980,34.0,52.0,0.3953488372093023
123,CAN,1984,33.0,58.0,0.3626373626373626
124,CAN,1988,62.0,128.0,0.3263157894736842
125,CAN,1992,59.0,127.0,0.3172043010752688
126,CAN,1994,54.0,95.0,0.3624161073825503
127,CAN,1998,93.0,115.0,0.44711538461538464
128,CAN,2002,101.0,114.0,0.4697674418604651
129,CAN,2006,136.0,169.0,0.4459016393442623
130,CAN,2010,138.0,170.0,0.44805194805194803
131,CAN,2014,158.0,201.0,0.4401114206128134
132,CHI,1968,2.0,9.0,0.18181818181818182
133,CHI,2002,3.0,8.0,0.2727272727272727
134,CHI,2006,5.0,10.0,0.3333333333333333
135,CHI,2010,5.0,5.0,0.5
136,CHI,2014,6.0,8.0,0.42857142857142855
137,CHN,1980,16.0,22.0,0.42105263157894735
138,CHN,1984,31.0,39.0,0.44285714285714284
139,CHN,1988,8.0,7.0,0.5333333333333333
140,CHN,1992,47.0,27.0,0.6351351351351351
141,CHN,1994,31.0,12.0,0.7209302325581395
142,CHN,1998,61.0,27.0,0.6931818181818182
143,CHN,2002,73.0,35.0,0.6759259259259259
144,CHN,2006,81.0,65.0,0.5547945205479452
145,CHN,2010,83.0,44.0,0.6535433070866141
146,CHN,2014,66.0,43.0,0.6055045871559633
147,CRO,1992,1.0,7.0,0.125
148,CRO,1998,6.0,7.0,0.46153846153846156
149,CRO,2002,12.0,17.0,0.41379310344827586
150,CRO,2006,17.0,29.0,0.3695652173913043
151,CRO,2010,10.0,27.0,0.2702702702702703
152,CRO,2014,9.0,16.0,0.36
153,CYP,1980,2.0,4.0,0.3333333333333333
154,CYP,1984,2.0,8.0,0.2
155,CYP,1988,2.0,6.0,0.25
156,CYP,1992,2.0,9.0,0.18181818181818182
157,CYP,2010,2.0,2.0,0.5
158,CZE,1994,37.0,80.0,0.3162393162393162
159,CZE,1998,36.0,83.0,0.3025210084033613
160,CZE,2002,54.0,109.0,0.3312883435582822
161,CZE,2006,53.0,117.0,0.31176470588235294
162,CZE,2010,52.0,120.0,0.3023255813953488
163,CZE,2014,64.0,115.0,0.3575418994413408
164,DEN,1968,2.0,4.0,0.3333333333333333
165,DEN,1992,3.0,10.0,0.23076923076923078
166,DEN,1998,8.0,11.0,0.42105263157894735
167,DEN,2002,6.0,5.0,0.5454545454545454
168,DEN,2010,10.0,13.0,0.43478260869565216
169,DEN,2014,4.0,11.0,0.26666666666666666
170,ESP,1936,2.0,4.0,0.3333333333333333
171,ESP,1960,3.0,9.0,0.25
172,ESP,1972,3.0,4.0,0.42857142857142855
173,ESP,1980,4.0,11.0,0.26666666666666666
174,ESP,1984,4.0,21.0,0.16
175,ESP,1988,11.0,18.0,0.3793103448275862
176,ESP,1992,9.0,36.0,0.2
177,ESP,1994,10.0,23.0,0.30303030303030304
178,ESP,1998,6.0,18.0,0.25
179,ESP,2002,6.0,10.0,0.375
180,ESP,2006,16.0,12.0,0.5714285714285714
181,ESP,2010,15.0,20.0,0.42857142857142855
182,ESP,2014,11.0,28.0,0.28205128205128205
183,EST,1936,2.0,7.0,0.2222222222222222
184,EST,1992,14.0,37.0,0.27450980392156865
185,EST,1994,29.0,38.0,0.43283582089552236
186,EST,1998,13.0,35.0,0.2708333333333333
187,EST,2002,10.0,41.0,0.19607843137254902
188,EST,2006,24.0,39.0,0.38095238095238093
189,EST,2010,27.0,37.0,0.421875
190,EST,2014,20.0,46.0,0.30303030303030304
191,EUN,1992,81.0,133.0,0.37850467289719625
192,FIN,1924,1.0,32.0,0.030303030303030304
193,FIN,1928,1.0,26.0,0.037037037037037035
194,FIN,1952,5.0,68.0,0.0684931506849315
195,FIN,1956,7.0,45.0,0.1346153846153846
196,FIN,1960,15.0,59.0,0.20270270270270271
197,FIN,1964,19.0,68.0,0.21839080459770116
198,FIN,1968,23.0,72.0,0.24210526315789474
199,FIN,1972,18.0,65.0,0.21686746987951808
200,FIN,1976,21.0,58.0,0.26582278481012656
201,FIN,1980,18.0,67.0,0.21176470588235294
202,FIN,1984,16.0,64.0,0.2
203,FIN,1988,18.0,74.0,0.1956521739130435
204,FIN,1992,32.0,82.0,0.2807017543859649
205,FIN,1994,32.0,80.0,0.2857142857142857
206,FIN,1998,48.0,84.0,0.36363636363636365
207,FIN,2002,63.0,102.0,0.38181818181818183
208,FIN,2006,47.0,93.0,0.3357142857142857
209,FIN,2010,53.0,93.0,0.363013698630137
210,FIN,2014,52.0,95.0,0.35374149659863946
211,FRA,1924,3.0,65.0,0.04411764705882353
212,FRA,1928,3.0,44.0,0.06382978723404255
213,FRA,1932,1.0,7.0,0.125
214,FRA,1948,16.0,44.0,0.26666666666666666
215,FRA,1952,11.0,34.0,0.24444444444444444
216,FRA,1956,13.0,39.0,0.25
217,FRA,1960,18.0,37.0,0.32727272727272727
218,FRA,1964,17.0,33.0,0.34
219,FRA,1968,26.0,92.0,0.22033898305084745
220,FRA,1972,13.0,56.0,0.18840579710144928
221,FRA,1976,13.0,46.0,0.22033898305084745
222,FRA,1980,10.0,34.0,0.22727272727272727
223,FRA,1984,13.0,44.0,0.22807017543859648
224,FRA,1988,27.0,88.0,0.23478260869565218
225,FRA,1992,61.0,123.0,0.33152173913043476
226,FRA,1994,63.0,106.0,0.3727810650887574
227,FRA,1998,54.0,105.0,0.33962264150943394
228,FRA,2002,49.0,127.0,0.2784090909090909
229,FRA,2006,69.0,90.0,0.4339622641509434
230,FRA,2010,71.0,125.0,0.3622448979591837
231,FRA,2014,74.0,127.0,0.3681592039800995
232,FRG,1968,37.0,100.0,0.27007299270072993
233,FRG,1972,34.0,88.0,0.2786885245901639
234,FRG,1976,23.0,82.0,0.21904761904761905
235,FRG,1980,31.0,87.0,0.2627118644067797
236,FRG,1984,23.0,97.0,0.19166666666666668
237,FRG,1988,40.0,115.0,0.25806451612903225
238,GBR,1924,4.0,46.0,0.08
239,GBR,1928,3.0,36.0,0.07692307692307693
240,GBR,1936,10.0,30.0,0.25
241,GBR,1948,18.0,60.0,0.23076923076923078
242,GBR,1952,16.0,19.0,0.45714285714285713
243,GBR,1956,16.0,53.0,0.2318840579710145
244,GBR,1960,12.0,27.0,0.3076923076923077
245,GBR,1964,15.0,50.0,0.23076923076923078
246,GBR,1968,18.0,46.0,0.28125
247,GBR,1972,16.0,55.0,0.22535211267605634
248,GBR,1976,17.0,53.0,0.24285714285714285
249,GBR,1980,19.0,57.0,0.25
250,GBR,1984,22.0,56.0,0.28205128205128205
251,GBR,1988,24.0,71.0,0.25263157894736843
252,GBR,1992,16.0,74.0,0.17777777777777778
253,GBR,1994,9.0,42.0,0.17647058823529413
254,GBR,1998,7.0,38.0,0.15555555555555556
255,GBR,2002,26.0,44.0,0.37142857142857144
256,GBR,2006,22.0,32.0,0.4074074074074074
257,GBR,2010,30.0,48.0,0.38461538461538464
258,GBR,2014,31.0,47.0,0.3974358974358974
259,GDR,1968,21.0,64.0,0.24705882352941178
260,GDR,1972,23.0,46.0,0.3333333333333333
261,GDR,1976,33.0,64.0,0.3402061855670103
262,GDR,1980,30.0,57.0,0.3448275862068966
263,GDR,1984,33.0,72.0,0.3142857142857143
264,GDR,1988,39.0,59.0,0.3979591836734694
265,GEO,1998,1.0,5.0,0.16666666666666666
266,GEO,2002,2.0,4.0,0.3333333333333333
267,GEO,2006,1.0,3.0,0.25
268,GEO,2010,4.0,5.0,0.4444444444444444
269,GEO,2014,3.0,4.0,0.42857142857142855
270,GER,1928,5.0,46.0,0.09803921568627451
271,GER,1936,7.0,60.0,0.1044776119402985
272,GER,1952,18.0,59.0,0.23376623376623376
273,GER,1956,21.0,69.0,0.23333333333333334
274,GER,1960,35.0,75.0,0.3181818181818182
275,GER,1964,44.0,100.0,0.3055555555555556
276,GER,1992,74.0,119.0,0.38341968911917096
277,GER,1994,62.0,122.0,0.33695652173913043
278,GER,1998,96.0,121.0,0.4423963133640553
279,GER,2002,121.0,138.0,0.4671814671814672
280,GER,2006,116.0,147.0,0.44106463878326996
281,GER,2010,105.0,154.0,0.40540540540540543
282,GER,2014,126.0,145.0,0.46494464944649444
283,GRE,1988,3.0,12.0,0.2
284,GRE,1992,3.0,23.0,0.11538461538461539
285,GRE,1994,2.0,13.0,0.13333333333333333
286,GRE,1998,3.0,13.0,0.1875
287,GRE,2002,6.0,11.0,0.35294117647058826
288,GRE,2006,3.0,5.0,0.375
289,GRE,2010,5.0,7.0,0.4166666666666667
290,GRE,2014,3.0,10.0,0.23076923076923078
291,GUA,1988,3.0,12.0,0.2
292,HUN,1932,2.0,2.0,0.5
293,HUN,1936,3.0,26.0,0.10344827586206896
294,HUN,1948,7.0,36.0,0.16279069767441862
295,HUN,1952,6.0,15.0,0.2857142857142857
296,HUN,1956,1.0,1.0,0.5
297,HUN,1960,1.0,3.0,0.25
298,HUN,1964,13.0,29.0,0.30952380952380953
299,HUN,1968,3.0,18.0,0.14285714285714285
300,HUN,1976,1.0,2.0,0.3333333333333333
301,HUN,1980,1.0,1.0,0.5
302,HUN,1984,3.0,13.0,0.1875
303,HUN,1988,2.0,5.0,0.2857142857142857
304,HUN,1992,27.0,35.0,0.43548387096774194
305,HUN,1994,20.0,8.0,0.7142857142857143
306,HUN,1998,14.0,10.0,0.5833333333333334
307,HUN,2002,20.0,26.0,0.43478260869565216
308,HUN,2006,14.0,18.0,0.4375
309,HUN,2010,21.0,11.0,0.65625
310,HUN,2014,22.0,15.0,0.5945945945945946
311,IND,1988,1.0,2.0,0.3333333333333333
312,IND,2006,2.0,3.0,0.4
313,IRI,2010,2.0,5.0,0.2857142857142857
314,IRI,2014,2.0,5.0,0.2857142857142857
315,IRL,2002,2.0,7.0,0.2222222222222222
316,IRL,2006,2.0,3.0,0.4
317,IRL,2010,4.0,3.0,0.5714285714285714
318,IRL,2014,2.0,6.0,0.25
319,ISL,1956,3.0,11.0,0.21428571428571427
320,ISL,1976,4.0,12.0,0.25
321,ISL,1980,2.0,10.0,0.16666666666666666
322,ISL,1984,2.0,8.0,0.2
323,ISL,1988,1.0,5.0,0.16666666666666666
324,ISL,1992,2.0,13.0,0.13333333333333333
325,ISL,1994,3.0,11.0,0.21428571428571427
326,ISL,1998,6.0,6.0,0.5
327,ISL,2002,5.0,7.0,0.4166666666666667
328,ISL,2006,4.0,8.0,0.3333333333333333
329,ISL,2010,2.0,5.0,0.2857142857142857
330,ISL,2014,5.0,6.0,0.45454545454545453
331,ISR,1998,1.0,2.0,0.3333333333333333
332,ISR,2002,5.0,2.0,0.7142857142857143
333,ISR,2006,2.0,4.0,0.3333333333333333
334,ISR,2010,1.0,3.0,0.25
335,ISR,2014,1.0,5.0,0.16666666666666666
336,ISV,1988,3.0,4.0,0.42857142857142855
337,ISV,1992,3.0,16.0,0.15789473684210525
338,ISV,1994,1.0,9.0,0.1
339,ISV,1998,1.0,8.0,0.1111111111111111
340,ISV,2002,2.0,6.0,0.25
341,ITA,1936,5.0,43.0,0.10416666666666667
342,ITA,1948,8.0,73.0,0.09876543209876543
343,ITA,1952,10.0,42.0,0.19230769230769232
344,ITA,1956,21.0,72.0,0.22580645161290322
345,ITA,1960,14.0,44.0,0.2413793103448276
346,ITA,1964,15.0,78.0,0.16129032258064516
347,ITA,1968,16.0,63.0,0.20253164556962025
348,ITA,1972,3.0,66.0,0.043478260869565216
349,ITA,1976,17.0,77.0,0.18085106382978725
350,ITA,1980,16.0,58.0,0.21621621621621623
351,ITA,1984,29.0,88.0,0.24786324786324787
352,ITA,1988,30.0,75.0,0.2857142857142857
353,ITA,1992,60.0,120.0,0.3333333333333333
354,ITA,1994,61.0,132.0,0.3160621761658031
355,ITA,1998,59.0,120.0,0.329608938547486
356,ITA,2002,90.0,108.0,0.45454545454545453
357,ITA,2006,117.0,173.0,0.40344827586206894
358,ITA,2010,80.0,128.0,0.38461538461538464
359,ITA,2014,96.0,131.0,0.42290748898678415
360,JPN,1936,1.0,48.0,0.02040816326530612
361,JPN,1960,13.0,60.0,0.1780821917808219
362,JPN,1964,15.0,70.0,0.17647058823529413
363,JPN,1968,18.0,77.0,0.18947368421052632
364,JPN,1972,39.0,95.0,0.291044776119403
365,JPN,1976,14.0,73.0,0.16091954022988506
366,JPN,1980,9.0,71.0,0.1125
367,JPN,1984,12.0,63.0,0.16
368,JPN,1988,27.0,86.0,0.23893805309734514
369,JPN,1992,53.0,83.0,0.3897058823529412
370,JPN,1994,36.0,89.0,0.288
371,JPN,1998,102.0,143.0,0.4163265306122449
372,JPN,2002,88.0,115.0,0.43349753694581283
373,JPN,2006,87.0,103.0,0.45789473684210524
374,JPN,2010,72.0,81.0,0.47058823529411764
375,JPN,2014,96.0,75.0,0.5614035087719298
376,KAZ,1994,28.0,43.0,0.39436619718309857
377,KAZ,1998,36.0,78.0,0.3157894736842105
378,KAZ,2002,52.0,49.0,0.5148514851485149
379,KAZ,2006,30.0,67.0,0.30927835051546393
380,KAZ,2010,48.0,52.0,0.48
381,KAZ,2014,41.0,74.0,0.3565217391304348
382,KGZ,2010,1.0,2.0,0.3333333333333333
383,KOR,1960,7.0,13.0,0.35
384,KOR,1964,4.0,12.0,0.25
385,KOR,1968,4.0,10.0,0.2857142857142857
386,KOR,1972,9.0,2.0,0.8181818181818182
387,KOR,1976,5.0,4.0,0.5555555555555556
388,KOR,1980,9.0,15.0,0.375
389,KOR,1984,10.0,28.0,0.2631578947368421
390,KOR,1988,8.0,48.0,0.14285714285714285
391,KOR,1992,5.0,52.0,0.08771929824561403
392,KOR,1994,21.0,24.0,0.4666666666666667
393,KOR,1998,22.0,57.0,0.27848101265822783
394,KOR,2002,28.0,59.0,0.3218390804597701
395,KOR,2006,30.0,55.0,0.35294117647058826
396,KOR,2010,35.0,49.0,0.4166666666666667
397,KOR,2014,54.0,76.0,0.4153846153846154
398,LAT,1936,3.0,33.0,0.08333333333333333
399,LAT,1992,4.0,34.0,0.10526315789473684
400,LAT,1994,10.0,32.0,0.23809523809523808
401,LAT,1998,16.0,33.0,0.32653061224489793
402,LAT,2002,8.0,60.0,0.11764705882352941
403,LAT,2006,20.0,72.0,0.21739130434782608
404,LAT,2010,20.0,61.0,0.24691358024691357
405,LAT,2014,13.0,69.0,0.15853658536585366
406,LIB,1980,3.0,4.0,0.42857142857142855
407,LIB,2002,2.0,1.0,0.6666666666666666
408,LIB,2006,5.0,2.0,0.7142857142857143
409,LIB,2010,4.0,2.0,0.6666666666666666
410,LIB,2014,1.0,2.0,0.3333333333333333
411,LIE,1968,3.0,14.0,0.17647058823529413
412,LIE,1972,3.0,7.0,0.3
413,LIE,1976,8.0,12.0,0.4
414,LIE,1980,8.0,9.0,0.47058823529411764
415,LIE,1984,7.0,12.0,0.3684210526315789
416,LIE,1988,9.0,27.0,0.25
417,LIE,1992,3.0,15.0,0.16666666666666666
418,LIE,1994,2.0,23.0,0.08
419,LIE,1998,7.0,12.0,0.3684210526315789
420,LIE,2002,1.0,17.0,0.05555555555555555
421,LIE,2006,3.0,9.0,0.25
422,LIE,2010,1.0,4.0,0.2
423,LIE,2014,1.0,4.0,0.2
424,LTU,1992,7.0,6.0,0.5384615384615384
425,LTU,1994,6.0,7.0,0.46153846153846156
426,LTU,1998,5.0,13.0,0.2777777777777778
427,LTU,2002,5.0,16.0,0.23809523809523808
428,LTU,2006,7.0,7.0,0.5
429,LTU,2010,5.0,8.0,0.38461538461538464
430,LTU,2014,11.0,9.0,0.55
431,MAR,1992,5.0,18.0,0.21739130434782608
432,MAR,2014,2.0,2.0,0.5
433,MDA,1994,2.0,2.0,0.5
434,MDA,1998,2.0,2.0,0.5
435,MDA,2002,5.0,4.0,0.5555555555555556
436,MDA,2006,7.0,3.0,0.7
437,MDA,2010,4.0,7.0,0.36363636363636365
438,MDA,2014,2.0,3.0,0.4
439,MEX,1988,1.0,20.0,0.047619047619047616
440,MEX,1992,7.0,27.0,0.20588235294117646
441,MGL,1964,6.0,16.0,0.2727272727272727
442,MGL,1988,3.0,6.0,0.3333333333333333
443,MGL,2002,1.0,3.0,0.25
444,MGL,2006,1.0,1.0,0.5
445,MGL,2010,1.0,1.0,0.5
446,MGL,2014,1.0,1.0,0.5
447,MKD,1998,1.0,2.0,0.3333333333333333
448,MKD,2006,2.0,3.0,0.4
449,MKD,2010,1.0,3.0,0.25
450,MKD,2014,1.0,5.0,0.16666666666666666
451,MNE,2014,1.0,2.0,0.3333333333333333
452,MON,2006,5.0,5.0,0.5
453,MON,2010,4.0,2.0,0.6666666666666666
454,MON,2014,2.0,9.0,0.18181818181818182
455,NED,1936,1.0,18.0,0.05263157894736842
456,NED,1952,2.0,21.0,0.08695652173913043
457,NED,1956,2.0,14.0,0.125
458,NED,1960,2.0,11.0,0.15384615384615385
459,NED,1964,4.0,8.0,0.3333333333333333
460,NED,1968,12.0,14.0,0.46153846153846156
461,NED,1972,13.0,13.0,0.5
462,NED,1976,13.0,10.0,0.5652173913043478
463,NED,1980,12.0,35.0,0.2553191489361702
464,NED,1984,12.0,17.0,0.41379310344827586
465,NED,1988,12.0,13.0,0.48
466,NED,1992,22.0,18.0,0.55
467,NED,1994,20.0,23.0,0.46511627906976744
468,NED,1998,27.0,21.0,0.5625
469,NED,2002,22.0,27.0,0.4489795918367347
470,NED,2006,30.0,33.0,0.47619047619047616
471,NED,2010,35.0,30.0,0.5384615384615384
472,NED,2014,41.0,41.0,0.5
473,NOR,1924,1.0,35.0,0.027777777777777776
474,NOR,1928,3.0,31.0,0.08823529411764706
475,NOR,1932,1.0,32.0,0.030303030303030304
476,NOR,1936,6.0,41.0,0.1276595744680851
477,NOR,1948,8.0,67.0,0.10666666666666667
478,NOR,1952,19.0,82.0,0.18811881188118812
479,NOR,1956,18.0,59.0,0.23376623376623376
480,NOR,1960,11.0,44.0,0.2
481,NOR,1964,14.0,76.0,0.15555555555555556
482,NOR,1968,26.0,81.0,0.24299065420560748
483,NOR,1972,33.0,81.0,0.2894736842105263
484,NOR,1976,20.0,61.0,0.24691358024691357
485,NOR,1980,20.0,80.0,0.2
486,NOR,1984,22.0,75.0,0.2268041237113402
487,NOR,1988,22.0,93.0,0.19130434782608696
488,NOR,1992,53.0,103.0,0.33974358974358976
489,NOR,1994,48.0,111.0,0.3018867924528302
490,NOR,1998,62.0,87.0,0.4161073825503356
491,NOR,2002,56.0,110.0,0.3373493975903614
492,NOR,2006,56.0,105.0,0.34782608695652173
493,NOR,2010,55.0,135.0,0.2894736842105263
494,NOR,2014,77.0,142.0,0.3515981735159817
495,NZL,1952,2.0,4.0,0.3333333333333333
496,NZL,1960,6.0,6.0,0.5
497,NZL,1968,4.0,11.0,0.26666666666666666
498,NZL,1976,4.0,9.0,0.3076923076923077
499,NZL,1980,4.0,7.0,0.36363636363636365
500,NZL,1984,3.0,6.0,0.3333333333333333
501,NZL,1988,4.0,15.0,0.21052631578947367
502,NZL,1992,1.0,9.0,0.1
503,NZL,1994,2.0,14.0,0.125
504,NZL,1998,4.0,5.0,0.4444444444444444
505,NZL,2002,3.0,13.0,0.1875
506,NZL,2006,8.0,10.0,0.4444444444444444
507,NZL,2010,9.0,13.0,0.4090909090909091
508,NZL,2014,8.0,10.0,0.4444444444444444
509,PER,2010,2.0,3.0,0.4
510,PER,2014,2.0,3.0,0.4
511,POL,1952,9.0,33.0,0.21428571428571427
512,POL,1956,15.0,59.0,0.20270270270270271
513,POL,1960,15.0,13.0,0.5357142857142857
514,POL,1964,27.0,59.0,0.313953488372093
515,POL,1968,15.0,37.0,0.28846153846153844
516,POL,1972,15.0,51.0,0.22727272727272727
517,POL,1976,29.0,64.0,0.3118279569892473
518,POL,1980,4.0,35.0,0.10256410256410256
519,POL,1984,14.0,28.0,0.3333333333333333
520,POL,1988,11.0,32.0,0.2558139534883721
521,POL,1992,36.0,62.0,0.3673469387755102
522,POL,1994,33.0,26.0,0.559322033898305
523,POL,1998,32.0,47.0,0.4050632911392405
524,POL,2002,8.0,46.0,0.14814814814814814
525,POL,2006,34.0,57.0,0.37362637362637363
526,POL,2010,61.0,45.0,0.5754716981132075
527,POL,2014,73.0,76.0,0.4899328859060403
528,POR,1998,1.0,1.0,0.5
529,POR,2014,2.0,2.0,0.5
530,PRK,1964,11.0,9.0,0.55
531,PRK,1984,8.0,9.0,0.47058823529411764
532,PRK,1988,10.0,5.0,0.6666666666666666
533,PRK,1992,20.0,16.0,0.5555555555555556
534,PRK,1998,13.0,4.0,0.7647058823529411
535,PRK,2006,5.0,2.0,0.7142857142857143
536,PRK,2010,2.0,1.0,0.6666666666666666
537,PUR,1988,2.0,15.0,0.11764705882352941
538,ROU,1936,1.0,21.0,0.045454545454545456
539,ROU,1956,12.0,23.0,0.34285714285714286
540,ROU,1968,1.0,40.0,0.024390243902439025
541,ROU,1980,2.0,40.0,0.047619047619047616
542,ROU,1984,5.0,30.0,0.14285714285714285
543,ROU,1988,17.0,8.0,0.68
544,ROU,1992,28.0,34.0,0.45161290322580644
545,ROU,1994,24.0,24.0,0.5
546,ROU,1998,9.0,20.0,0.3103448275862069
547,ROU,2002,21.0,20.0,0.5121951219512195
548,ROU,2006,26.0,27.0,0.49056603773584906
549,ROU,2010,28.0,21.0,0.5714285714285714
550,ROU,2014,15.0,25.0,0.375
551,RSA,1960,3.0,1.0,0.75
552,RSA,1994,2.0,1.0,0.6666666666666666
553,RSA,1998,1.0,2.0,0.3333333333333333
554,RUS,1994,84.0,124.0,0.40384615384615385
555,RUS,1998,75.0,122.0,0.38071065989847713
556,RUS,2002,102.0,138.0,0.425
557,RUS,2006,111.0,172.0,0.392226148409894
558,RUS,2010,126.0,153.0,0.45161290322580644
559,RUS,2014,152.0,201.0,0.43059490084985835
560,SCG,1998,1.0,1.0,0.5
561,SCG,2002,2.0,6.0,0.25
562,SCG,2006,6.0,5.0,0.5454545454545454
563,SLO,1992,14.0,47.0,0.22950819672131148
564,SLO,1994,21.0,38.0,0.3559322033898305
565,SLO,1998,26.0,43.0,0.37681159420289856
566,SLO,2002,41.0,55.0,0.4270833333333333
567,SLO,2006,39.0,57.0,0.40625
568,SLO,2010,46.0,61.0,0.42990654205607476
569,SLO,2014,41.0,75.0,0.35344827586206895
570,SMR,2014,1.0,1.0,0.5
571,SRB,2010,8.0,7.0,0.5333333333333333
572,SRB,2014,5.0,12.0,0.29411764705882354
573,SUI,1928,2.0,41.0,0.046511627906976744
574,SUI,1936,4.0,35.0,0.10256410256410256
575,SUI,1948,18.0,81.0,0.18181818181818182
576,SUI,1952,15.0,61.0,0.19736842105263158
577,SUI,1956,14.0,66.0,0.175
578,SUI,1960,14.0,26.0,0.35
579,SUI,1964,18.0,86.0,0.17307692307692307
580,SUI,1968,13.0,49.0,0.20967741935483872
581,SUI,1972,13.0,66.0,0.16455696202531644
582,SUI,1976,12.0,74.0,0.13953488372093023
583,SUI,1980,18.0,55.0,0.2465753424657534
584,SUI,1984,31.0,48.0,0.3924050632911392
585,SUI,1988,36.0,90.0,0.2857142857142857
586,SUI,1992,39.0,90.0,0.3023255813953488
587,SUI,1994,38.0,68.0,0.3584905660377358
588,SUI,1998,35.0,83.0,0.2966101694915254
589,SUI,2002,46.0,121.0,0.2754491017964072
590,SUI,2006,62.0,119.0,0.3425414364640884
591,SUI,2010,66.0,124.0,0.3473684210526316
592,SUI,2014,94.0,125.0,0.4292237442922374
593,SVK,1994,26.0,41.0,0.3880597014925373
594,SVK,1998,19.0,45.0,0.296875
595,SVK,2002,23.0,56.0,0.2911392405063291
596,SVK,2006,38.0,76.0,0.3333333333333333
597,SVK,2010,43.0,64.0,0.40186915887850466
598,SVK,2014,41.0,74.0,0.3565217391304348
599,SWE,1932,1.0,17.0,0.05555555555555555
600,SWE,1936,1.0,37.0,0.02631578947368421
601,SWE,1948,3.0,67.0,0.04285714285714286
602,SWE,1952,16.0,78.0,0.1702127659574468
603,SWE,1956,17.0,76.0,0.1827956989247312
604,SWE,1960,15.0,57.0,0.20833333333333334
605,SWE,1964,24.0,79.0,0.23300970873786409
606,SWE,1968,23.0,89.0,0.20535714285714285
607,SWE,1972,25.0,76.0,0.24752475247524752
608,SWE,1976,19.0,59.0,0.24358974358974358
609,SWE,1980,30.0,79.0,0.27522935779816515
610,SWE,1984,22.0,76.0,0.22448979591836735
611,SWE,1988,28.0,98.0,0.2222222222222222
612,SWE,1992,43.0,93.0,0.3161764705882353
613,SWE,1994,48.0,103.0,0.31788079470198677
614,SWE,1998,72.0,74.0,0.4931506849315068
615,SWE,2002,73.0,86.0,0.4591194968553459
616,SWE,2006,73.0,95.0,0.43452380952380953
617,SWE,2010,80.0,92.0,0.46511627906976744
618,SWE,2014,64.0,84.0,0.43243243243243246
619,TCH,1928,1.0,27.0,0.03571428571428571
620,TCH,1936,5.0,56.0,0.08196721311475409
621,TCH,1948,10.0,64.0,0.13513513513513514
622,TCH,1956,9.0,55.0,0.140625
623,TCH,1960,1.0,21.0,0.045454545454545456
624,TCH,1964,18.0,51.0,0.2608695652173913
625,TCH,1968,9.0,62.0,0.1267605633802817
626,TCH,1972,11.0,50.0,0.18032786885245902
627,TCH,1976,22.0,68.0,0.24444444444444444
628,TCH,1980,17.0,57.0,0.22972972972972974
629,TCH,1984,28.0,51.0,0.35443037974683544
630,TCH,1988,30.0,89.0,0.25210084033613445
631,TCH,1992,46.0,102.0,0.3108108108108108
632,THA,2014,1.0,2.0,0.3333333333333333
633,TPE,1984,2.0,18.0,0.1
634,TPE,1988,2.0,20.0,0.09090909090909091
635,TPE,1998,1.0,8.0,0.1111111111111111
636,TUR,2002,2.0,3.0,0.4
637,TUR,2006,7.0,10.0,0.4117647058823529
638,TUR,2010,6.0,3.0,0.6666666666666666
639,TUR,2014,6.0,5.0,0.5454545454545454
640,UKR,1994,30.0,30.0,0.5
641,UKR,1998,51.0,53.0,0.49038461538461536
642,UKR,2002,43.0,68.0,0.38738738738738737
643,UKR,2006,48.0,61.0,0.44036697247706424
644,UKR,2010,51.0,44.0,0.5368421052631579
645,UKR,2014,56.0,45.0,0.5544554455445545
646,URS,1956,13.0,68.0,0.16049382716049382
647,URS,1960,30.0,61.0,0.32967032967032966
648,URS,1964,34.0,73.0,0.3177570093457944
649,URS,1968,39.0,82.0,0.32231404958677684
650,URS,1972,39.0,79.0,0.3305084745762712
651,URS,1976,35.0,86.0,0.2892561983471074
652,URS,1980,36.0,93.0,0.27906976744186046
653,URS,1984,42.0,101.0,0.2937062937062937
654,URS,1988,41.0,111.0,0.26973684210526316
655,USA,1924,3.0,38.0,0.07317073170731707
656,USA,1928,5.0,40.0,0.1111111111111111
657,USA,1932,6.0,64.0,0.08571428571428572
658,USA,1936,10.0,64.0,0.13513513513513514
659,USA,1948,19.0,78.0,0.1958762886597938
660,USA,1952,17.0,79.0,0.17708333333333334
661,USA,1956,17.0,75.0,0.18478260869565216
662,USA,1960,29.0,76.0,0.2761904761904762
663,USA,1964,31.0,96.0,0.2440944881889764
664,USA,1968,32.0,103.0,0.23703703703703705
665,USA,1972,43.0,104.0,0.2925170068027211
666,USA,1976,46.0,105.0,0.304635761589404
667,USA,1980,45.0,110.0,0.2903225806451613
668,USA,1984,49.0,107.0,0.3141025641025641
669,USA,1988,64.0,133.0,0.3248730964467005
670,USA,1992,87.0,147.0,0.3717948717948718
671,USA,1994,89.0,148.0,0.3755274261603376
672,USA,1998,126.0,158.0,0.44366197183098594
673,USA,2002,135.0,178.0,0.43130990415335463
674,USA,2006,138.0,187.0,0.4246153846153846
675,USA,2010,145.0,196.0,0.4252199413489736
676,USA,2014,158.0,209.0,0.4305177111716621
677,UZB,1994,4.0,3.0,0.5714285714285714
678,UZB,1998,2.0,2.0,0.5
679,UZB,2002,3.0,3.0,0.5
680,UZB,2006,2.0,2.0,0.5
681,UZB,2010,3.0,2.0,0.6
682,UZB,2014,2.0,3.0,0.4
683,VEN,2002,1.0,3.0,0.25
684,YUG,1952,2.0,7.0,0.2222222222222222
685,YUG,1956,10.0,26.0,0.2777777777777778
686,YUG,1964,6.0,48.0,0.1111111111111111
687,YUG,1968,3.0,43.0,0.06521739130434782
688,YUG,1976,2.0,39.0,0.04878048780487805
689,YUG,1980,7.0,20.0,0.25925925925925924
690,YUG,1984,30.0,85.0,0.2608695652173913
691,YUG,1988,14.0,35.0,0.2857142857142857
692,YUG,1992,7.0,53.0,0.11666666666666667
